{"cameraMode":{"drawMode":0,"name":"Shaded","section":"Shading Mode"},"sceneLighting":true,"audioPlay":false,"sceneViewState":{"showFog":false,"showMaterialUpdate":false,"showSkybox":false,"showFlares":false,"showImageEffects":false,"showParticleSystems":false},"in2DMode":false,"pivot":{"x":-1.697047233581543,"y":0.768707275390625,"z":-2.780404806137085},"rotation":{"x":0.3869623839855194,"y":0.5273482203483582,"z":-0.29260876774787905,"w":0.6978543400764465},"size":13.05423355102539,"orthographic":false}