{"cameraMode":{"drawMode":0,"name":"Shaded","section":"Shading Mode"},"sceneLighting":true,"audioPlay":false,"sceneViewState":{"showFog":false,"showMaterialUpdate":false,"showSkybox":false,"showFlares":false,"showImageEffects":false,"showParticleSystems":false},"in2DMode":false,"pivot":{"x":0.40840595960617068,"y":1.253249168395996,"z":0.20764636993408204},"rotation":{"x":-0.45049259066581728,"y":-0.019619759172201158,"z":0.009759224019944668,"w":-0.8925936818122864},"size":4.687305927276611,"orthographic":false}