{"cameraMode":{"drawMode":0,"name":"Shaded","section":"Shading Mode"},"sceneLighting":false,"audioPlay":false,"sceneViewState":{"showFog":false,"showMaterialUpdate":false,"showSkybox":false,"showFlares":false,"showImageEffects":false,"showParticleSystems":false},"in2DMode":false,"pivot":{"x":-0.19026586413383485,"y":1.117531180381775,"z":0.13940513134002686},"rotation":{"x":0.2971610128879547,"y":0.23247982561588288,"z":-0.0749036967754364,"w":0.923302412033081},"size":1.686674952507019,"orthographic":false}