{"cameraMode":{"drawMode":0,"name":"Shaded","section":"Shading Mode"},"sceneLighting":false,"audioPlay":false,"sceneViewState":{"showFog":false,"showMaterialUpdate":false,"showSkybox":false,"showFlares":false,"showImageEffects":false,"showParticleSystems":false},"in2DMode":false,"pivot":{"x":-0.23804724216461183,"y":0.6317071914672852,"z":-3.7119998931884767},"rotation":{"x":0.3869623839855194,"y":0.5273482203483582,"z":-0.29260876774787905,"w":0.6978543400764465},"size":1.0136035680770875,"orthographic":false}