{"cameraMode":{"drawMode":0,"name":"Shaded","section":"Shading Mode"},"sceneLighting":true,"audioPlay":false,"sceneViewState":{"showFog":false,"showMaterialUpdate":false,"showSkybox":false,"showFlares":false,"showImageEffects":false,"showParticleSystems":false},"in2DMode":false,"pivot":{"x":1.5247092247009278,"y":-2.1365966796875,"z":5.2298054695129398},"rotation":{"x":-0.1838158667087555,"y":-0.27968063950538638,"z":0.054487671703100207,"w":-0.940850555896759},"size":7.327558517456055,"orthographic":false}