{"cameraMode":{"drawMode":0,"name":"Shaded","section":"Shading Mode"},"sceneLighting":true,"audioPlay":false,"sceneViewState":{"showFog":false,"showMaterialUpdate":false,"showSkybox":false,"showFlares":false,"showImageEffects":false,"showParticleSystems":false},"in2DMode":false,"pivot":{"x":-0.23804724216461183,"y":0.6317071914672852,"z":-3.7119998931884767},"rotation":{"x":0.1562638133764267,"y":0.016975168138742448,"z":-0.0027623858768492939,"w":0.9877970218658447},"size":3.113603353500366,"orthographic":false}