{"cameraMode":{"drawMode":0,"name":"Shaded","section":"Shading Mode"},"sceneLighting":true,"audioPlay":false,"sceneViewState":{"showFog":false,"showMaterialUpdate":false,"showSkybox":false,"showFlares":false,"showImageEffects":false,"showParticleSystems":false},"in2DMode":false,"pivot":{"x":-0.4606313705444336,"y":1.5482101440429688,"z":-5.838946342468262},"rotation":{"x":0.24421380460262299,"y":0.6173757910728455,"z":-0.21005704998970033,"w":0.7180125713348389},"size":5.9320573806762699,"orthographic":false}